{
  "project_info": {
    "project_number": "281264414900",
    "firebase_url": "https://wedin-project.firebaseio.com",
    "project_id": "wedin-project",
    "storage_bucket": "wedin-project.appspot.com"
  },
  "client": [
    {
      "client_info": {
        "mobilesdk_app_id": "1:281264414900:android:85373b535cc61871e0f7e1",
        "android_client_info": {
          "package_name": "com.hong.fragement"
        }
      },
      "oauth_client": [
        {
          "client_id": "281264414900-14qhjboc6vlpjj2vk8g6idj1iucrrs44.apps.googleusercontent.com",
          "client_type": 3
        }
      ],
      "api_key": [
        {
          "current_key": "AIzaSyD78jR6r2wbDj_lc0zvzmV1gTjzVXrVKuM"
        }
      ],
      "services": {
        "appinvite_service": {
          "other_platform_oauth_client": [
            {
              "client_id": "281264414900-14qhjboc6vlpjj2vk8g6idj1iucrrs44.apps.googleusercontent.com",
              "client_type": 3
            }
          ]
        }
      }
    }
  ],
  "configuration_version": "1"
}